{
  "version": 2,
  "commands": {},
  "prefs": {
    "websites.hyperlinkAuditingEnabled": {
      "initialValue": {},
      "precedenceList": [
        {
          "id": "uBlock0@raymondhill.net",
          "installDate": 1611056434216,
          "value": false,
          "enabled": true
        }
      ]
    },
    "network.networkPredictionEnabled": {
      "initialValue": {},
      "precedenceList": [
        {
          "id": "uBlock0@raymondhill.net",
          "installDate": 1611056434216,
          "value": false,
          "enabled": true
        }
      ]
    },
    "homepage_override": {
      "initialValue": {
        "browser.startup.homepage": "https://my.nextdns.io/start"
      },
      "precedenceList": []
    }
  },
  "url_overrides": {
    "newTabURL": {
      "initialValue": "about:newtab",
      "precedenceList": [
        {
          "id": "extension@tabliss.io",
          "installDate": 1611065073281,
          "value": "moz-extension://bb041e8b-72a4-4ae1-9a16-26a0e097486f/index.html",
          "enabled": true
        }
      ]
    }
  },
  "newTabNotification": {
    "extension@tabliss.io": {
      "initialValue": false,
      "precedenceList": [
        {
          "id": "extension@tabliss.io",
          "installDate": 1611065073281,
          "value": true,
          "enabled": true
        }
      ]
    }
  },
  "homepageNotification": {},
  "default_search": {},
  "tabHideNotification": {}
}
