{
  "screenshots@mozilla.org": {
    "permissions": [
      "internal:privateBrowsingAllowed"
    ],
    "origins": []
  },
  "default-theme@mozilla.org": {
    "permissions": [
      "internal:privateBrowsingAllowed"
    ],
    "origins": []
  },
  "wikipedia@search.mozilla.org": {
    "permissions": [
      "internal:privateBrowsingAllowed"
    ],
    "origins": []
  },
  "ddg@search.mozilla.org": {
    "permissions": [
      "internal:privateBrowsingAllowed"
    ],
    "origins": []
  },
  "firefox-compact-dark@mozilla.org": {
    "permissions": [
      "internal:privateBrowsingAllowed"
    ],
    "origins": []
  }
}
